action,composite_score,name,category,market_stage,growth_rate_pct,recency_score,competition_density,signal_strength,pop_fit_score,pop_line_matches,compliance_ok,shelf_life_months,fda_watch,trade_risk_score,sources,source_count,avg_gt_interest,rising_query_count,primary_source_country,format,compliance_note,top_evidence
BOTH,44.2,Elderberry,functional beverage,growing,27,0.42,0.5,31.3,60,"POP Ginger Honey Crystals, POP Herbal Teas",True,18,,0.0,google_trends,1,20.4,5,USA,shelf-stable beverage,Shelf life 18mo ✅ | FDA clear ✅ | Trade risk 0.00 ✅,Google Trends rising query: 'elderberry syrup with fresh elderberries' +104900% (related to 'elderbe || Google Trends rising query: 'what is elderberry syrup used for' +65850% (related to 'elderberry syru || Google Trends rising query: 'elderberry syrup recipe fresh berries' +58450% (related to 'elderberry 
BOTH,42.4,Lion's Mane Mushroom,functional food,growing,8,0.36,0.5,28.0,60,"American Ginseng, POP Herbal Teas",True,36,,0.0,google_trends,1,55.0,4,USA,instant powder,Shelf life 36mo ✅ | FDA clear ✅ | Trade risk 0.00 ✅,Google Trends rising query: 'cape cod lion's mane jellyfish' +5900% (related to 'lion's mane') || Google Trends rising query: 'lion's mane jellyfish sting' +400% (related to 'lion's mane') || Google Trends rising query: 'lion's mane jellyfish' +250% (related to 'lion's mane')
BOTH,40.9,Mushroom Coffee,functional beverage,peaking,3,0.34,0.5,25.3,60,"American Ginseng, POP Herbal Teas",True,36,,0.0,google_trends,1,32.4,4,USA,instant powder,Shelf life 36mo ✅ | FDA clear ✅ | Trade risk 0.00 ✅,Google Trends rising query: 'erth mushroom coffee reviews' +12600% (related to 'mushroom coffee') || Google Trends rising query: 'erth mushroom coffee' +2000% (related to 'mushroom coffee') || Google Trends rising query: 'ryze superfoods mushroom coffee' +80% (related to 'mushroom coffee')
BOTH,39.6,Turmeric Ginger Latte,functional beverage,peaking,0,0.33,0.5,23.0,60,"POP Ginger Chews, POP Ginger Honey Crystals",True,36,,0.35,google_trends,1,1.8,4,India,instant powder,Shelf life 36mo ✅ | FDA clear ✅ | Trade risk 0.35 ✅,Google Trends rising query: 'turmeric latte perfume lush' +450% (related to 'turmeric latte') || Google Trends rising query: 'lush turmeric latte massage bar' +200% (related to 'turmeric latte') || Google Trends rising query: 'turmeric latte lush' +120% (related to 'turmeric latte')
BOTH,39.0,Ginger Shot,functional beverage,peaking,2,0.34,0.5,21.9,60,"POP Ginger Chews, POP Ginger Honey Crystals",True,18,,0.0,google_trends,1,17.0,2,USA,ready-to-drink bottle,Shelf life 18mo ✅ | FDA clear ✅ | Trade risk 0.00 ✅,"Google Trends rising query: 'sol ti ginger shot' +50% (related to 'ginger shot') || Google Trends rising query: 'when to take ginger shot' +40% (related to 'ginger shot') || Google Trends: 'ginger shot' avg interest=17.0/100, robust growth +2% (median uplift +3.6%, persiste"
BOTH,36.9,Manuka Honey,functional food,peaking,0,0.33,0.5,18.0,60,"POP Ginger Honey Crystals, POP Herbal Teas",True,18,,0.2,google_trends,1,2.9,0,New Zealand,shelf-stable beverage,Shelf life 18mo ✅ | FDA clear ✅ | Trade risk 0.20 ✅,"Google Trends: 'honey wellness' avg interest=2.9/100, robust growth +0% (median uplift -80.0%, persi"
DISTRIBUTE,24.1,Ashwagandha,functional confection,peaking,0,0.33,0.5,19.2,30,American Ginseng,True,24,,0.35,google_trends,1,0.4,1,India,chewy candy,Shelf life 24mo ✅ | FDA clear ✅ | Trade risk 0.35 ✅,"Google Trends rising query: 'goli ashwagandha gummy' +50% (related to 'ashwagandha gummy') || Google Trends: 'ashwagandha gummy' avg interest=0.4/100, robust growth +0% (median uplift -90.0%, pe"
DISTRIBUTE,23.4,Ginseng Supplement,health & wellness,peaking,0,0.33,0.5,18.0,30,American Ginseng,True,36,,0.0,google_trends,1,2.2,0,USA,supplement / capsule,Shelf life 36mo ✅ | FDA clear ✅ | Trade risk 0.00 ✅,"Google Trends: 'ginseng supplement' avg interest=2.2/100, robust growth +0% (median uplift -70.0%, p"
DISTRIBUTE,14.0,Chia Seeds,functional food,growing,0,0.5,0.5,25.5,0,,True,18,,0.4,fda_gras,1,,0,Peru,dried fruit,Shelf life 18mo ✅ | FDA clear ✅ | Trade risk 0.40 ✅,FDA GRAS Notice: 'L-ergothioneine produced byEscherichia coli“SF4012” expressing enzymes encoded by  || FDA GRAS Notice: 'Transglutaminase enzyme preparation produced byEscherichia coliexpressing a gene e || FDA GRAS Notice: 'Recombinant αS1-casein fromBos taurusproduced byEscherichia coliDSM 35603' cleared
DISTRIBUTE,13.9,Collagen Peptides,functional beverage,growing,8,0.36,0.5,25.2,0,,True,36,,0.0,"rss, google_trends",2,40.1,0,USA,instant powder,Shelf life 36mo ✅ | FDA clear ✅ | Trade risk 0.00 ✅,"Google Trends: 'collagen drink' avg interest=40.1/100, robust growth +8% (median uplift +7.9%, persi || Food Dive - Latest News: 'Leftovers: Khloud adds collagen to protein chips | Hershey goes beyond swe"
DISTRIBUTE,13.1,Ube (Purple Yam),asian specialty,growing,8,0.36,0.5,23.8,0,,True,36,,0.3,"google_trends, fda_gras",2,12.2,0,Philippines,instant powder,Shelf life 36mo ✅ | FDA clear ✅ | Trade risk 0.30 ✅,"Google Trends: 'ube latte' avg interest=12.2/100, robust growth +8% (median uplift +17.1%, persisten || FDA GRAS Notice: 'L-ergothioneine produced byEscherichia coli“SF4012” expressing enzymes encoded by "
DISTRIBUTE,12.8,Moringa,superfood powder,peaking,0,0.33,0.5,23.3,0,,True,36,,0.35,google_trends,1,7.3,5,India,instant powder,Shelf life 36mo ✅ | FDA clear ✅ | Trade risk 0.35 ✅,Google Trends rising query: 'tnvitamins moringa powder recall' +68550% (related to 'moringa powder') || Google Trends rising query: 'best time to take moringa powder' +90% (related to 'moringa powder') || Google Trends rising query: 'moringa powder nutrition facts' +80% (related to 'moringa powder')
DISTRIBUTE,9.8,Yuzu Citrus,asian specialty,peaking,0,0.33,0.5,17.9,0,,True,24,,0.15,google_trends,1,0.1,0,Japan,chewy candy,Shelf life 24mo ✅ | FDA clear ✅ | Trade risk 0.15 ✅,"Google Trends: 'yuzu candy' avg interest=0.1/100, robust growth +0% (median uplift -100.0%, persiste"
PASS,0.0,Reishi Mushroom Tea,functional tea,peaking,0,0.33,0.5,17.9,60,"POP Herbal Teas, POP Organic Teas",False,36,,0.85,google_trends,1,0.0,0,China,dry tea,Shelf life 36mo ✅ | FDA clear ✅ | Trade risk 0.85 > 0.6 threshold ❌,"Google Trends: 'reishi tea' avg interest=0.0/100, robust growth +0% (median uplift -100.0%, persiste"
PASS,0.0,Tempeh,plant-based snack,peaking,0,0.33,0.5,17.9,0,,False,9,,0.3,google_trends,1,0.4,0,Indonesia,chips/crackers,Shelf life 9mo < 12mo minimum ❌ | FDA clear ✅ | Trade risk 0.30 ✅,"Google Trends: 'tempeh chips' avg interest=0.4/100, robust growth +0% (median uplift -40.0%, persist"
